{
    "approx_mpc_solve_times": {
        "max": 0.0010708998888731003,
        "min": 0.0002453997731208801,
        "mean": 0.00027796440199017526,
        "std": 3.0598402014641283e-05
    }
}