{
    "u0_diff_abs_max": 0.05346144615391113,
    "u0_diff_abs_min": 3.1711261892275466e-05,
    "u0_diff_abs_mean": 0.0025994398256950265,
    "u0_diff_abs_std": 0.004958821622381565,
    "u0_diff_99": 0.02231854484919755,
    "u0_diff_95": 0.012942470638225689,
    "u0_diff_90": 0.008958767970355375,
    "u0_diff_50": 0.0002560591414020319
}