{
    "full_step_times": {
        "max": 0.0033657997846603394,
        "min": 0.000999900046736002,
        "mean": 0.0011277071550603842,
        "std": 7.193648447425867e-05
    },
    "nn_step_times": {
        "max": 0.0010012001730501652,
        "min": 0.00015460001304745674,
        "mean": 0.00021922740995508063,
        "std": 2.8546720476120293e-05
    }
}