{"ipopt_solve_times": {"max": 0.07898919994477183, "min": 0.017514299950562418, "mean": 0.02770117960523272, "std": 0.007562955249897259}, "ipopt_iteration_counts": {"max": 32, "min": 6, "mean": 9.917157275021026, "std": 3.310322311022112}}