{
    "eps": 1e-06,
    "n_data": 1500,
    "norm_kkt": {
        "max": 9.95116773641062e-07,
        "min": 3.941652373632942e-10,
        "mean": 2.3687861728410184e-07,
        "std": 2.849252253639977e-07,
        "frac_1e2": 1.0,
        "frac_1e3": 1.0,
        "frac_1e4": 1.0,
        "frac_1e5": 1.0,
        "frac_1e6": 1.0,
        "frac_1e7": 0.496,
        "frac_1e8": 0.2853333333333333
    },
    "norm_F_FB": {
        "max": 9.911831662564598e-08,
        "min": 1.9907962468535369e-10,
        "mean": 2.253679673290157e-08,
        "std": 1.407191500420168e-08,
        "frac_1e2": 1.0,
        "frac_1e3": 1.0,
        "frac_1e4": 1.0,
        "frac_1e5": 1.0,
        "frac_1e6": 1.0,
        "frac_1e7": 1.0,
        "frac_1e8": 0.23866666666666667
    }
}